Nb sim;DF_var_con;IC_DF_var_con;DF_d_var_con;IC_DF_d_var_con;Tan_var_con;IC_Tan_var_con;Mall_var_con;IC_Mall_var_con
10000;0.681498;0.00344018;0.678689;0.00548043;0.678574;0.00347884;0.683696;0.0170656
11000;0.676461;0.0034097;0.684377;0.00524539;0.680247;0.00328669;0.673716;0.0134194
12000;0.681747;0.00315635;0.680027;0.00510676;0.678516;0.00317743;0.679409;0.0130426
13000;0.677367;0.00310854;0.680969;0.00482673;0.67758;0.0030953;0.682961;0.0135839
14000;0.680072;0.00292721;0.67884;0.00468189;0.677565;0.00297683;0.685125;0.0120529
15000;0.679119;0.00283011;0.673756;0.00453908;0.682359;0.00278315;0.694406;0.0123508
16000;0.679819;0.00274303;0.676942;0.0043688;0.680599;0.00272905;0.667874;0.00995886
17000;0.676673;0.00271488;0.678825;0.00421605;0.676892;0.00272663;0.690261;0.0127909
18000;0.680449;0.00260267;0.680876;0.00411287;0.681017;0.00256987;0.685017;0.0116727
19000;0.680528;0.00251373;0.680608;0.00399273;0.678329;0.00252689;0.675036;0.010799
20000;0.68138;0.00240771;0.679967;0.00391707;0.681267;0.00242351;0.679231;0.0104485
21000;0.678707;0.00241853;0.677648;0.00384164;0.678979;0.00242551;0.679821;0.00839606
22000;0.679565;0.00234664;0.680186;0.00373704;0.679501;0.00232695;0.679211;0.0109108
23000;0.67879;0.0023308;0.676439;0.00367247;0.677657;0.00232194;0.679741;0.00941829
24000;0.680325;0.00222693;0.678786;0.00355806;0.679354;0.00224316;0.67178;0.00953324
25000;0.681255;0.00215713;0.679106;0.00348744;0.680302;0.00218356;0.681774;0.00889714
26000;0.680225;0.00216386;0.680361;0.00343664;0.679255;0.00216626;0.677014;0.00965473
27000;0.679579;0.00209684;0.6802;0.00336008;0.678856;0.00211941;0.678356;0.00877999
28000;0.679808;0.00209067;0.680683;0.00329022;0.680702;0.00204535;0.67791;0.00816351
29000;0.680801;0.00200617;0.680689;0.00326294;0.67962;0.00205262;0.686579;0.00865287
30000;0.68036;0.0019985;0.680702;0.0031747;0.680835;0.00199316;0.690483;0.00978376
31000;0.678718;0.00198175;0.679948;0.0031417;0.677938;0.00200298;0.687469;0.00869731
32000;0.67698;0.00196772;0.682098;0.00309576;0.678968;0.00194652;0.685032;0.00780371
33000;0.678565;0.00192174;0.676299;0.00306132;0.678247;0.00193393;0.67902;0.00818163
34000;0.679519;0.0019025;0.6791;0.00298835;0.680331;0.00187861;0.677882;0.00843095
35000;0.680428;0.00185206;0.680611;0.00295755;0.679452;0.00186701;0.67838;0.00767976
36000;0.677183;0.00186833;0.680265;0.00291203;0.67939;0.00184979;0.680747;0.0073978
37000;0.680677;0.00178522;0.679576;0.00288093;0.680081;0.00180202;0.683697;0.00754256
38000;0.680765;0.00176781;0.677486;0.00284702;0.679091;0.00177677;0.679497;0.00795254
39000;0.67938;0.001756;0.677981;0.00280451;0.679313;0.00177684;0.67979;0.0077636
40000;0.678344;0.00175182;0.679674;0.00275424;0.680777;0.00172839;0.677472;0.0075622
41000;0.680038;0.00171012;0.680711;0.00272468;0.680537;0.00170443;0.679906;0.00760992
42000;0.680721;0.00167036;0.677026;0.00268989;0.6807;0.00168723;0.676865;0.00735199
43000;0.679999;0.00166942;0.68131;0.00265183;0.679481;0.00168008;0.682787;0.00682813
44000;0.680106;0.00165446;0.680441;0.00263172;0.680158;0.00164999;0.678402;0.00697731
45000;0.679946;0.00164156;0.679681;0.00260519;0.678855;0.001645;0.674321;0.00664205
46000;0.678596;0.00162792;0.679663;0.0025865;0.679192;0.00161409;0.675518;0.00621193
47000;0.679671;0.0016113;0.679791;0.00255789;0.678777;0.00161113;0.681331;0.00649681
48000;0.679382;0.00158692;0.678603;0.00252976;0.679249;0.00159251;0.68312;0.00621942
49000;0.67943;0.00156446;0.678862;0.00250209;0.679653;0.001569;0.676624;0.00645876
50000;0.680659;0.00154199;0.679676;0.00246937;0.681282;0.0015396;0.67867;0.00651956
51000;0.678004;0.00155228;0.677725;0.00246058;0.679715;0.0015439;0.681161;0.00625402
52000;0.678527;0.00153303;0.681444;0.002419;0.678723;0.00154037;0.679696;0.00659874
53000;0.679463;0.0015053;0.680344;0.0024017;0.678916;0.00152091;0.679774;0.0062967
54000;0.679746;0.00148366;0.681412;0.00237357;0.679459;0.00148639;0.680217;0.00666363
55000;0.679681;0.00147551;0.681054;0.00236161;0.679149;0.00148584;0.68369;0.00633075
56000;0.679253;0.00147134;0.682345;0.00232811;0.679413;0.00146564;0.686841;0.00660535
57000;0.679744;0.00144997;0.680277;0.00232836;0.681043;0.00143938;0.673654;0.00603082
58000;0.67931;0.00143812;0.680038;0.00231269;0.679979;0.00145002;0.678838;0.00558758
59000;0.681816;0.00141142;0.680766;0.0022732;0.679446;0.00143539;0.680188;0.00600547
60000;0.678991;0.00142272;0.678991;0.00225812;0.680803;0.0014015;0.679914;0.00551765
61000;0.679888;0.00140821;0.678525;0.00223558;0.679485;0.0014043;0.679007;0.00620541
62000;0.679199;0.00140432;0.678969;0.00221679;0.679946;0.00139484;0.677623;0.0058894
63000;0.680855;0.00137661;0.681077;0.00220806;0.679369;0.00139089;0.678998;0.00581312
64000;0.680215;0.00137054;0.679985;0.00218741;0.679423;0.00136523;0.682603;0.00572676
65000;0.679078;0.0013704;0.681026;0.00216504;0.678677;0.00136469;0.684318;0.00527594
66000;0.67993;0.00135133;0.680008;0.00215041;0.678898;0.00135208;0.68115;0.00580255
67000;0.680451;0.0013292;0.680479;0.00214247;0.680688;0.0013283;0.675065;0.00537926
68000;0.679276;0.0013345;0.679599;0.00211765;0.679836;0.00133252;0.686531;0.00578896
69000;0.679408;0.001321;0.678959;0.00210688;0.678986;0.00132918;0.680446;0.00567453
70000;0.679319;0.00131427;0.678276;0.00209871;0.67948;0.00131321;0.676586;0.00532443
71000;0.679333;0.00129504;0.680148;0.00207003;0.678775;0.00131589;0.674766;0.00534794
72000;0.679126;0.00129759;0.677753;0.00207397;0.678806;0.00129364;0.680319;0.00539855
73000;0.679525;0.0012841;0.680146;0.00205519;0.680421;0.0012773;0.678691;0.00558445
74000;0.679723;0.00127259;0.678373;0.0020396;0.67899;0.00128638;0.67888;0.00548609
75000;0.678944;0.00127846;0.681826;0.00201389;0.679362;0.00126596;0.681564;0.00553193
76000;0.678839;0.0012765;0.679035;0.00200213;0.680261;0.0012534;0.679709;0.00590945
77000;0.68055;0.00124967;0.680172;0.00199947;0.678796;0.00125794;0.679277;0.0054001
78000;0.68064;0.00123361;0.680313;0.00198222;0.679737;0.00123689;0.677152;0.00517383
79000;0.679631;0.00123933;0.678628;0.00196461;0.679231;0.00123533;0.675371;0.00496386
80000;0.679941;0.00122331;0.681026;0.0019472;0.679841;0.00122182;0.680905;0.00500915
81000;0.678861;0.00122075;0.680346;0.00194403;0.679723;0.00122548;0.683479;0.00508561
82000;0.679511;0.00122102;0.680912;0.00191941;0.680372;0.00121092;0.677136;0.00474258
83000;0.679902;0.00120366;0.679594;0.00192412;0.680302;0.00120014;0.678042;0.00515256
84000;0.680111;0.00120187;0.680231;0.0019041;0.680389;0.00118948;0.678282;0.00509301
85000;0.678903;0.00119595;0.678369;0.00190527;0.679481;0.00119167;0.684134;0.00508801
86000;0.679701;0.00119096;0.678907;0.00188607;0.679284;0.00118792;0.679416;0.00502645
87000;0.678597;0.00118824;0.678134;0.00186733;0.67993;0.00117196;0.677636;0.00487913
88000;0.67951;0.00116783;0.677716;0.00186725;0.679301;0.00117521;0.681004;0.00500179
89000;0.679634;0.00115864;0.68017;0.00185756;0.680038;0.00115831;0.678316;0.00486903
90000;0.679473;0.00115826;0.678929;0.00184385;0.679324;0.00116039;0.683269;0.00478709
91000;0.680042;0.0011516;0.679629;0.00182838;0.679917;0.00115049;0.677147;0.00451909
92000;0.679613;0.00114919;0.67907;0.00181918;0.679639;0.00114575;0.682494;0.00484133
93000;0.679416;0.00114183;0.67963;0.00181094;0.679566;0.00113589;0.678188;0.00473175
94000;0.679598;0.00112852;0.679301;0.00180003;0.680204;0.00112632;0.684106;0.00537579
95000;0.67969;0.00112559;0.680371;0.00179427;0.680093;0.00112272;0.678115;0.00461164
96000;0.679003;0.00112545;0.679447;0.00178257;0.680391;0.00111463;0.677839;0.00425603
97000;0.679602;0.00112419;0.679739;0.00177057;0.678932;0.00111825;0.680434;0.00471182
98000;0.679735;0.00110966;0.680111;0.00176841;0.67934;0.00111064;0.680004;0.00479721
99000;0.680443;0.00109783;0.678178;0.00176108;0.679258;0.00111261;0.679165;0.00474552
100000;0.679265;0.00109746;0.679579;0.00175066;0.678801;0.00111097;0.681211;0.00458184
