Nb sim;DF;IC_DF ;DF_anti;IC_DF_anti ;DF_d;IC_DF_d ;DF_d_anti;IC_DF_d_anti;Mall;IC_Mall ;Mall_anti;IC_Mall_anti
10000;0.00452419;0.00886741;0.00678628;0.00767863;0.00477321;0.0024986;0.00532127;0.00196345;0.00564628;0.000163611;0.00574722;8.65528e-05
11000;0.0041129;0.00806128;0.00616935;0.00698064;0.00483167;0.00234684;0.00532923;0.00183111;0.00570358;0.000157254;0.00577803;8.3053e-05
12000;0.00754031;0.0104499;0.00565523;0.00639897;0.0046591;0.00217539;0.0053604;0.00172346;0.00569289;0.000150537;0.00578104;7.93976e-05
13000;0.00696029;0.0096461;0.00522022;0.00590678;0.00467598;0.00207418;0.00553289;0.00164957;0.00574366;0.000145208;0.00575623;7.61658e-05
14000;0.00969469;0.0109698;0.00484734;0.00548489;0.0049584;0.00201179;0.00547731;0.00156746;0.00575189;0.000140363;0.00575268;7.3349e-05
15000;0.00904837;0.0102385;0.00452419;0.00511926;0.00514076;0.00193604;0.00559308;0.00150852;0.00578156;0.000135885;0.00572581;7.05997e-05
16000;0.00848285;0.00959865;0.00565523;0.00554161;0.00540238;0.00190321;0.00559417;0.00144304;0.00579659;0.000132348;0.00571564;6.83966e-05
17000;0.00798386;0.00903406;0.00532257;0.00521566;0.00573452;0.00188094;0.0057398;0.00140307;0.00579312;0.000128668;0.00572873;6.64562e-05
18000;0.00754031;0.00853219;0.00502687;0.00492593;0.0054617;0.00177878;0.0056873;0.00134624;0.00578136;0.000124986;0.00572423;6.46635e-05
19000;0.00714345;0.00808315;0.0047623;0.00466669;0.00538171;0.00170949;0.00580281;0.00130844;0.00575486;0.00012117;0.00572482;6.29626e-05
20000;0.00678628;0.00767902;0.00452419;0.00443337;0.00525458;0.00163862;0.00576731;0.00126283;0.00574832;0.000118055;0.00572053;6.13982e-05
21000;0.00646312;0.00731337;0.00430875;0.00422227;0.00520726;0.00158039;0.00569252;0.00121509;0.00575539;0.000115249;0.00571861;5.98823e-05
22000;0.00616935;0.00698095;0.0041129;0.00403036;0.00517478;0.00153517;0.00578514;0.00118345;0.00576402;0.000112782;0.00571535;5.84135e-05
23000;0.00786815;0.00771029;0.00393408;0.00385514;0.00540402;0.00152307;0.00568296;0.00114245;0.0057421;0.000109788;0.0057238;5.71602e-05
24000;0.00754031;0.00738904;0.00471269;0.00413051;0.00545891;0.00149432;0.00570608;0.0011151;0.00573875;0.000107563;0.00573381;5.60429e-05
25000;0.0072387;0.0070935;0.00452419;0.00396531;0.00545569;0.00145586;0.00587932;0.0011;0.00573671;0.000105488;0.00574017;5.48866e-05
26000;0.00696029;0.00682069;0.00435018;0.00381281;0.00552748;0.0014274;0.00597216;0.00108091;0.00573668;0.000103437;0.00574401;5.39333e-05
27000;0.0067025;0.00656808;0.00418906;0.0036716;0.00586173;0.00142783;0.00608207;0.00106356;0.00574717;0.00010167;0.00574228;5.2945e-05
28000;0.00646312;0.00633352;0.00403945;0.00354048;0.00583748;0.00139462;0.00626231;0.00105131;0.00575104;9.983e-05;0.00573726;5.19884e-05
29000;0.00780032;0.00683681;0.00390016;0.00341841;0.00580193;0.00136595;0.00615656;0.00102276;0.00576289;9.8265e-05;0.0057338;5.10305e-05
30000;0.00754031;0.00660893;0.00377016;0.00330447;0.00580557;0.00134044;0.00637063;0.00101432;0.00578221;9.69018e-05;0.00573297;5.01917e-05
31000;0.00875649;0.00700609;0.00364854;0.00319788;0.00568282;0.00130337;0.00631485;0.0009904;0.00580284;9.55467e-05;0.00573574;4.9389e-05
32000;0.00848285;0.00678716;0.00353452;0.00309795;0.00583012;0.00129496;0.00630698;0.000971676;0.00579832;9.40052e-05;0.00573468;4.85854e-05
33000;0.00822579;0.00658151;0.0041129;0.00329075;0.00565345;0.00125577;0.00634269;0.000955965;0.0058017;9.24704e-05;0.0057414;4.78461e-05
34000;0.00798386;0.00638795;0.00399193;0.00319397;0.0057202;0.00124074;0.00615614;0.000927918;0.00580334;9.10706e-05;0.00574214;4.71746e-05
35000;0.00775575;0.00620545;0.00387787;0.00310272;0.00573729;0.00122286;0.00625406;0.000917868;0.00580651;8.98367e-05;0.00573644;4.64219e-05
36000;0.00754031;0.00603309;0.00377016;0.00301654;0.00571248;0.0012034;0.00622985;0.000899721;0.0058;8.86376e-05;0.00573143;4.57087e-05
37000;0.00733652;0.00587004;0.00366826;0.00293502;0.0057975;0.00119165;0.00621691;0.000885213;0.00579943;8.74544e-05;0.00572761;4.50741e-05
38000;0.00714345;0.00571558;0.00357173;0.00285779;0.00592899;0.00118712;0.00620012;0.000870252;0.00579914;8.63375e-05;0.00573357;4.45104e-05
39000;0.00696029;0.00556903;0.00348014;0.00278452;0.00591486;0.00116785;0.00627091;0.000860247;0.00578977;8.51642e-05;0.00573209;4.39469e-05
40000;0.00678628;0.00542982;0.00339314;0.00271491;0.00588017;0.00114939;0.00621527;0.000844691;0.00578623;8.40931e-05;0.0057301;4.33898e-05
41000;0.00662076;0.00529739;0.00331038;0.00264869;0.00584245;0.00113109;0.00617201;0.000829751;0.00578259;8.30581e-05;0.00572736;4.28818e-05
42000;0.00646312;0.00517127;0.00377016;0.00279277;0.00576846;0.00110709;0.0061003;0.000814489;0.00577788;8.20529e-05;0.00572768;4.23704e-05
43000;0.00631282;0.00505101;0.00368248;0.00272783;0.00577776;0.00109359;0.00617985;0.000808952;0.00577539;8.10871e-05;0.00572865;4.18652e-05
44000;0.00616935;0.00493622;0.00359879;0.00266584;0.00568368;0.00107124;0.00617668;0.000798336;0.00577378;8.00938e-05;0.00573045;4.13943e-05
45000;0.00603225;0.00482654;0.00351881;0.0026066;0.00564343;0.00105426;0.00613579;0.000785315;0.00577303;7.92673e-05;0.00573404;4.09479e-05
46000;0.00590111;0.00472162;0.00344232;0.00254994;0.0055696;0.00103578;0.0060379;0.000769846;0.00577381;7.83617e-05;0.005732;4.04969e-05
47000;0.00577556;0.00462116;0.00336908;0.00249569;0.00556445;0.00102246;0.00605385;0.000761239;0.00576796;7.74659e-05;0.00572968;4.00426e-05
48000;0.00565523;0.00452489;0.00329889;0.0024437;0.00553241;0.00100788;0.0060533;0.000752296;0.00577156;7.66725e-05;0.00573104;3.96606e-05
49000;0.00553982;0.00443255;0.00369321;0.00255908;0.00545592;0.000989895;0.00602147;0.000741528;0.00576808;7.58219e-05;0.00573083;3.9227e-05
50000;0.00542902;0.00434391;0.00361935;0.00250791;0.00550933;0.000983687;0.00593798;0.000728546;0.00576163;7.49941e-05;0.00573289;3.88203e-05
51000;0.00532257;0.00425874;0.00354838;0.00245873;0.00543319;0.000966432;0.00586765;0.000715964;0.00576101;7.42133e-05;0.00573362;3.84613e-05
52000;0.00522022;0.00417684;0.00391516;0.00255771;0.0053979;0.00095279;0.00593842;0.000711544;0.00576552;7.35328e-05;0.00573732;3.81137e-05
53000;0.00512172;0.00409804;0.00384129;0.00250945;0.00537743;0.000941638;0.00597562;0.000705822;0.00576175;7.28111e-05;0.00573996;3.77611e-05
54000;0.00502687;0.00402215;0.00377016;0.00246299;0.00538515;0.000932125;0.00606052;0.000702592;0.00575577;7.20973e-05;0.00573719;3.74017e-05
55000;0.00493548;0.00394902;0.00370161;0.00241821;0.00528724;0.000915197;0.00602896;0.000694146;0.00575092;7.14037e-05;0.00573945;3.70344e-05
56000;0.00484734;0.00387851;0.00403945;0.00250348;0.00534152;0.000911042;0.00595741;0.000683607;0.00575806;7.08357e-05;0.00573745;3.669e-05
57000;0.0047623;0.00381047;0.00396859;0.00245956;0.00530472;0.000898556;0.00589716;0.000673672;0.00576577;7.02491e-05;0.00574029;3.64263e-05
58000;0.00468019;0.00374477;0.00390016;0.00241716;0.00531408;0.000890815;0.00588796;0.000667096;0.00576988;6.96717e-05;0.00573885;3.61025e-05
59000;0.00536768;0.00397623;0.00383406;0.00237619;0.00527793;0.000879301;0.00589772;0.000661356;0.00576813;6.90792e-05;0.00573655;3.58033e-05
60000;0.00527822;0.00390996;0.00377016;0.00233659;0.00518996;0.000864663;0.00590351;0.00065577;0.00576887;6.84933e-05;0.00573812;3.55257e-05
61000;0.00519169;0.00384587;0.00370835;0.00229829;0.00521225;0.000859099;0.00594422;0.000651512;0.00576595;6.78943e-05;0.00573469;3.52315e-05
62000;0.00583766;0.00404506;0.00401339;0.00237157;0.00531906;0.000861614;0.00600317;0.000648383;0.00576744;6.73218e-05;0.00573633;3.49379e-05
63000;0.005745;0.00398086;0.00394969;0.00233393;0.00540743;0.000861671;0.00599425;0.000641918;0.00577525;6.68601e-05;0.0057376;3.46671e-05
64000;0.00565523;0.00391866;0.00388797;0.00229747;0.00535248;0.000850186;0.0059699;0.000634658;0.00577587;6.63262e-05;0.00573882;3.43951e-05
65000;0.00556823;0.00385838;0.00382816;0.00226212;0.00537768;0.000843923;0.0060024;0.000630488;0.00578349;6.58655e-05;0.00573821;3.41131e-05
66000;0.00548386;0.00379992;0.00377016;0.00222785;0.00539417;0.000838573;0.00603534;0.00062703;0.0057777;6.53342e-05;0.00573867;3.38458e-05
67000;0.00540201;0.00374321;0.00405151;0.00229217;0.00536923;0.000829798;0.00601457;0.000620999;0.0057719;6.47983e-05;0.00573822;3.35868e-05
68000;0.00532257;0.00368817;0.00399193;0.00225846;0.0054609;0.000829373;0.0059977;0.000615287;0.00576708;6.4279e-05;0.00573444;3.33282e-05
69000;0.00524543;0.00363472;0.00393408;0.00222574;0.00556722;0.000830994;0.0059948;0.000610249;0.00576546;6.38121e-05;0.00573637;3.30988e-05
70000;0.0051705;0.00358279;0.00387787;0.00219394;0.00564203;0.00083023;0.00595934;0.000603813;0.00575761;6.32903e-05;0.00573969;3.28789e-05
71000;0.00509768;0.00353233;0.00382326;0.00216304;0.00556256;0.000818551;0.00596848;0.0005997;0.00575649;6.28369e-05;0.00574026;3.26445e-05
72000;0.00565523;0.00369455;0.00377016;0.002133;0.00549746;0.000807543;0.00600328;0.000596588;0.00575525;6.23857e-05;0.00574138;3.24307e-05
73000;0.00557776;0.00364394;0.00402839;0.00218968;0.00552636;0.000803222;0.00597648;0.000590612;0.00575727;6.19619e-05;0.00573934;3.22005e-05
74000;0.00550239;0.0035947;0.00427964;0.00224161;0.0055275;0.000797165;0.00593519;0.000584373;0.00575965;6.15534e-05;0.00573569;3.19557e-05
75000;0.00542902;0.00354677;0.00422257;0.00221173;0.00558117;0.000794544;0.00592872;0.000580152;0.00575825;6.11302e-05;0.00573717;3.17284e-05
76000;0.00535759;0.00350011;0.00416701;0.00218263;0.00564128;0.00079323;0.00587637;0.000573665;0.00575904;6.0734e-05;0.0057373;3.15168e-05
77000;0.00528801;0.00345465;0.0041129;0.00215429;0.00565766;0.000787936;0.00586141;0.000568863;0.00575876;6.03484e-05;0.00573817;3.13194e-05
78000;0.00522022;0.00341037;0.00406017;0.00212667;0.00566532;0.000783204;0.00583095;0.000563316;0.0057617;5.99686e-05;0.00573501;3.11165e-05
79000;0.00572682;0.00354932;0.00400877;0.00209975;0.00571914;0.000781284;0.0058163;0.000558238;0.00576378;5.95794e-05;0.00573873;3.09342e-05
80000;0.00565523;0.00350495;0.00395866;0.00207351;0.00570199;0.000774303;0.00583584;0.000555139;0.00575817;5.91855e-05;0.00573767;3.07457e-05
81000;0.00558542;0.00346168;0.00390979;0.00204791;0.00567599;0.000767213;0.00580765;0.000550072;0.00576258;5.88554e-05;0.00573782;3.0548e-05
82000;0.0055173;0.00341947;0.00386211;0.00202294;0.00576038;0.000766795;0.00578095;0.000545273;0.00576944;5.85544e-05;0.00573823;3.03528e-05
83000;0.00545083;0.00337827;0.00381558;0.00199857;0.00573469;0.00076028;0.00575368;0.000540469;0.00576793;5.8195e-05;0.00573702;3.01716e-05
84000;0.00538594;0.00333806;0.00377016;0.00197478;0.00574358;0.000756432;0.00578846;0.000538834;0.00577024;5.78497e-05;0.00573723;3.00073e-05
85000;0.00532257;0.00329879;0.00425806;0.00208626;0.00577403;0.000753687;0.00580474;0.000536001;0.00576791;5.74858e-05;0.00573746;2.98244e-05
86000;0.00526068;0.00326043;0.00447158;0.00212546;0.00580741;0.000750831;0.00577297;0.000531389;0.00576955;5.71264e-05;0.00573682;2.96531e-05
87000;0.00520022;0.00322296;0.00442018;0.00210103;0.0059102;0.000753156;0.00575817;0.000527356;0.00577203;5.67976e-05;0.00573806;2.94865e-05
88000;0.00514112;0.00318634;0.00436995;0.00207716;0.00586627;0.000745992;0.00572504;0.000522908;0.00577597;5.65158e-05;0.0057421;2.93375e-05
89000;0.00508336;0.00315054;0.00432085;0.00205382;0.00582174;0.000738803;0.00572825;0.000520252;0.00577839;5.61971e-05;0.00574222;2.91814e-05
90000;0.00502687;0.00311553;0.00427284;0.002031;0.00585648;0.000737141;0.00575752;0.000518285;0.00577928;5.59013e-05;0.00574439;2.90202e-05
91000;0.00497163;0.0030813;0.00422589;0.00200868;0.00584054;0.000732127;0.00572398;0.000513813;0.00577882;5.55988e-05;0.0057441;2.88542e-05
92000;0.00491759;0.00304781;0.00442584;0.00204444;0.005911;0.000732245;0.00576337;0.000512531;0.00578019;5.53082e-05;0.00574555;2.87055e-05
93000;0.00535119;0.00316218;0.00462148;0.00207787;0.00587473;0.000726346;0.00575319;0.000509168;0.0057759;5.49777e-05;0.00574625;2.85563e-05
94000;0.00529426;0.00312854;0.00457232;0.00205577;0.00582891;0.000719366;0.0057296;0.000505241;0.00577929;5.47156e-05;0.0057468;2.8405e-05
95000;0.00523853;0.00309561;0.0047623;0.00208696;0.00585534;0.000717205;0.00573168;0.00050254;0.00578086;5.44227e-05;0.00574597;2.8247e-05
96000;0.00518396;0.00306337;0.00471269;0.00206523;0.0058413;0.000712722;0.00574969;0.000500216;0.00577915;5.4127e-05;0.00574464;2.80905e-05
97000;0.00513052;0.00303179;0.00513052;0.00214368;0.00584315;0.000709155;0.00575158;0.000497566;0.0057787;5.38401e-05;0.00574371;2.79321e-05
98000;0.00553982;0.00313427;0.00507817;0.0021218;0.00589624;0.000707346;0.00571539;0.000493489;0.00577768;5.35771e-05;0.00574333;2.77907e-05
99000;0.00548386;0.00310262;0.00525537;0.00214757;0.00585522;0.000701147;0.00569891;0.000490206;0.00577675;5.33155e-05;0.00574438;2.76606e-05
100000;0.00542902;0.00307159;0.00520282;0.0021261;0.00584812;0.000696574;0.00571448;0.000488048;0.00577632;5.30571e-05;0.00574676;2.75331e-05
