Nb sim;DF;IC_DF ;DF_anti;IC_DF_anti ;DF_d;IC_DF_d ;DF_d_anti;IC_DF_d_anti;Tan;IC_Tan ;Tan_anti;IC_Tan_anti ;Mall;IC_Mall ;Mall_anti;IC_Mall_anti
10000;0.230734;0.0631674;0.323479;0.0526416;0.27875;0.0188619;0.277236;0.0129785;0;0;0;0;0.118825;0.0176781;0.116349;0.0128299
11000;0.246774;0.0622747;0.320806;0.0499867;0.280488;0.0176247;0.280064;0.0122353;0;0;0;0;0.114984;0.0167264;0.118418;0.0122323
12000;0.2526;0.0603191;0.314808;0.0474153;0.283234;0.0165978;0.280348;0.0115792;0;0;0;0;0.118686;0.0160855;0.119764;0.0118123
13000;0.267971;0.0596795;0.316693;0.0456893;0.283116;0.0156802;0.280895;0.0110122;0;0;0;0;0.115985;0.0153613;0.120737;0.0113544
14000;0.258525;0.0564917;0.308614;0.0434698;0.284643;0.0149063;0.28195;0.0105388;0;0;0;0;0.114735;0.0148645;0.121658;0.0109592
15000;0.259387;0.0546664;0.29558;0.0411114;0.282993;0.0141919;0.281882;0.0101078;0;0;0;0;0.116597;0.0144178;0.122631;0.0106012
16000;0.268624;0.0538591;0.294072;0.0397055;0.283268;0.0135837;0.282434;0.00971472;0;0;0;0;0.117957;0.0139781;0.124483;0.010323
17000;0.263467;0.0517499;0.296733;0.0386915;0.281986;0.0130203;0.281909;0.00936949;0;0;0;0;0.121036;0.0136707;0.124816;0.010004
18000;0.258884;0.049855;0.295329;0.0375134;0.282597;0.0125367;0.281916;0.00905653;0;0;0;0;0.121222;0.0133182;0.124816;0.00971744
19000;0.252402;0.0479173;0.291691;0.0362902;0.280993;0.0120729;0.281689;0.00876442;0;0;0;0;0.121501;0.0129757;0.124136;0.00946939
20000;0.24883;0.0463742;0.29181;0.0353784;0.280265;0.0116637;0.281964;0.00852114;0;0;0;0;0.12185;0.0126291;0.125757;0.00926305
21000;0.262834;0.0465053;0.292995;0.0345948;0.278928;0.0112831;0.281853;0.00828277;0;0;0;0;0.120447;0.0123196;0.128046;0.00907702
22000;0.252943;0.0445778;0.293044;0.0338022;0.278432;0.0109417;0.282422;0.00806225;0;0;0;0;0.121307;0.0120293;0.127397;0.00884238
23000;0.249814;0.0433289;0.288171;0.0327867;0.278594;0.010639;0.281648;0.00785449;0;0;0;0;0.121705;0.0117801;0.128797;0.00863514
24000;0.254486;0.0428091;0.291245;0.0322649;0.277108;0.0103324;0.281496;0.00765798;0;0;0;0;0.121028;0.0115195;0.130204;0.00847103
25000;0.251545;0.0417025;0.292262;0.0316674;0.277426;0.0100697;0.282189;0.00748928;0;0;0;0;0.121872;0.0113118;0.128953;0.00827801
26000;0.24883;0.0406726;0.285372;0.0306889;0.275458;0.00980311;0.282312;0.00732774;0;0;0;0;0.122228;0.0110695;0.131051;0.00812276
27000;0.253019;0.040245;0.283181;0.0300009;0.275346;0.00956897;0.281819;0.00717318;0;0;0;0;0.122892;0.0108889;0.129627;0.00795316
28000;0.255293;0.0396959;0.284377;0.0295216;0.274739;0.00934716;0.280877;0.00702361;0;0;0;0;0.123561;0.010694;0.130245;0.00781258
29000;0.257411;0.039166;0.281592;0.0288675;0.274426;0.00914171;0.280706;0.0068842;0;0;0;0;0.12525;0.010551;0.129375;0.0076766
30000;0.251846;0.0380916;0.282008;0.028403;0.275269;0.00896086;0.281609;0.00676538;0;0;0;0;0.12508;0.0103516;0.130302;0.00755302
31000;0.248101;0.037194;0.278748;0.0277812;0.276189;0.00879167;0.280993;0.00663843;0;0;0;0;0.124604;0.0101748;0.128565;0.00741024
32000;0.251658;0.0368682;0.277813;0.0272983;0.277637;0.00863746;0.281695;0.00653351;0;0;0;0;0.124513;0.0100094;0.129054;0.00730239
33000;0.249516;0.0361513;0.278992;0.0269378;0.278457;0.00848485;0.282003;0.00642509;0;0;0;0;0.124065;0.00984839;0.128282;0.00719237
34000;0.252822;0.0358496;0.276774;0.0264343;0.278517;0.00833058;0.281936;0.00632296;0;0;0;0;0.122546;0.00966726;0.128443;0.00708532
35000;0.252062;0.0352808;0.277268;0.0260769;0.279011;0.00818945;0.282175;0.00622043;0;0;0;0;0.1211;0.00950903;0.128579;0.00698201
36000;0.255114;0.0349961;0.28339;0.0259909;0.279733;0.00805996;0.281595;0.00611663;0;0;0;0;0.121436;0.00938151;0.129308;0.00690384
37000;0.25311;0.0343849;0.287347;0.0258133;0.279119;0.00792247;0.28123;0.0060163;0;0;0;0;0.120706;0.00924152;0.129344;0.00680381
38000;0.252402;0.0338822;0.288715;0.0255311;0.278941;0.00779501;0.281779;0.00593585;0;0;0;0;0.120192;0.00911887;0.129472;0.00671703
39000;0.25173;0.0334007;0.285372;0.0250572;0.278816;0.00767396;0.281598;0.00585072;0;0;0;0;0.120763;0.00900008;0.130014;0.00663103
40000;0.254486;0.0331595;0.285024;0.0247271;0.278631;0.00755617;0.281769;0.00577153;0;0;0;0;0.121319;0.00889309;0.130996;0.00655507
41000;0.253796;0.0327085;0.281934;0.0242927;0.278576;0.00744535;0.281755;0.00569187;0;0;0;0;0.120638;0.00877703;0.131734;0.00647781
42000;0.255293;0.0324114;0.27953;0.0239005;0.27778;0.00733289;0.281477;0.00561338;0;0;0;0;0.120452;0.00865601;0.133439;0.00641056
43000;0.26093;0.032382;0.279868;0.023635;0.278449;0.00723818;0.28185;0.00554755;0;0;0;0;0.121162;0.00855864;0.133056;0.00633262
44000;0.261169;0.0320264;0.278135;0.0232933;0.278444;0.00714016;0.282113;0.00548232;0;0;0;0;0.121193;0.00845608;0.132848;0.00626017
45000;0.258381;0.0315001;0.279494;0.0230885;0.277958;0.00704026;0.282089;0.00541508;0;0;0;0;0.119521;0.00834359;0.132912;0.00619573
46000;0.255715;0.0309956;0.281778;0.0229281;0.27838;0.00695434;0.282479;0.0053551;0;0;0;0;0.118918;0.00824211;0.132302;0.00612007
47000;0.260863;0.0309694;0.283484;0.0227506;0.278254;0.0068683;0.283191;0.00529909;0;0;0;0;0.119113;0.00815389;0.131826;0.00605017
48000;0.259198;0.0305477;0.281819;0.022447;0.278298;0.00678576;0.283316;0.00523912;0;0;0;0;0.117617;0.008051;0.132881;0.00599454
49000;0.257602;0.0301417;0.280684;0.0221725;0.278786;0.00671246;0.283012;0.00517735;0;0;0;0;0.117732;0.00796086;0.132881;0.00594096
50000;0.256974;0.0298025;0.277333;0.0218199;0.279126;0.00663643;0.283052;0.00512145;0;0;0;0;0.117413;0.00786689;0.132349;0.00587898
51000;0.260806;0.0297269;0.27633;0.0215663;0.278452;0.00655513;0.282804;0.0050645;0;0;0;0;0.118294;0.00780874;0.132222;0.00581458
52000;0.261881;0.0294999;0.274061;0.0212711;0.278447;0.00648314;0.2832;0.00501566;0;0;0;0;0.118726;0.00774323;0.131934;0.00575964
53000;0.261208;0.0291829;0.272732;0.021019;0.278008;0.00640933;0.28328;0.00496599;0;0;0;0;0.11835;0.00766684;0.132156;0.00571158
54000;0.263073;0.0290138;0.271032;0.0207592;0.278562;0.00634581;0.28357;0.0049203;0;0;0;0;0.11836;0.00759425;0.132189;0.00565414
55000;0.262403;0.0287124;0.27433;0.0206929;0.278102;0.0062757;0.283551;0.00487222;0;0;0;0;0.11932;0.00752875;0.132175;0.0056013
56000;0.261757;0.0284201;0.273067;0.0204606;0.278166;0.00621118;0.283819;0.00482847;0;0;0;0;0.119911;0.00746273;0.132028;0.00554719
57000;0.264308;0.0283058;0.272642;0.0202647;0.277868;0.0061474;0.284053;0.00478321;0;0;0;0;0.120578;0.00741091;0.132542;0.00550138
58000;0.260531;0.0278607;0.273791;0.0201311;0.278189;0.00608955;0.283692;0.00473698;0;0;0;0;0.120275;0.0073462;0.132623;0.00545631
59000;0.261483;0.0276737;0.276435;0.0200547;0.278436;0.00603415;0.283462;0.00469226;0;0;0;0;0.120796;0.00729705;0.132084;0.00540952
60000;0.261649;0.0274508;0.278615;0.0199641;0.278434;0.00597677;0.283474;0.0046491;0;0;0;0;0.121439;0.0072527;0.132243;0.0053684
61000;0.262551;0.0272714;0.27998;0.0198477;0.278612;0.00592199;0.283021;0.00460632;0;0;0;0;0.122006;0.0071983;0.132566;0.00532631
62000;0.261235;0.0269831;0.280208;0.0196948;0.278577;0.00586804;0.283276;0.00456819;0;0;0;0;0.121715;0.00713532;0.132436;0.00528215
63000;0.259961;0.0267031;0.280069;0.0195331;0.278805;0.0058169;0.283509;0.00453117;0;0;0;0;0.121396;0.00707314;0.132524;0.00524336
64000;0.261555;0.0265743;0.280288;0.0193874;0.279526;0.00577194;0.283506;0.00449349;0;0;0;0;0.12072;0.00700878;0.132312;0.00519993
65000;0.261011;0.0263418;0.279456;0.0192095;0.279723;0.00572385;0.2831;0.00445453;0;0;0;0;0.120648;0.00695569;0.132357;0.00515708
66000;0.263225;0.0262515;0.28002;0.0190824;0.27911;0.00566891;0.283167;0.00442044;0;0;0;0;0.121865;0.00690971;0.132256;0.00511756
67000;0.261998;0.0259944;0.280229;0.0189464;0.279098;0.00562158;0.2834;0.00438473;0;0;0;0;0.121918;0.00685703;0.132634;0.00508104
68000;0.260806;0.0257441;0.27877;0.0187582;0.27859;0.00557177;0.283998;0.00435725;0;0;0;0;0.122349;0.00681026;0.132928;0.0050448
69000;0.261616;0.0255963;0.278664;0.0186182;0.278612;0.00552624;0.283648;0.00432077;0;0;0;0;0.122294;0.00676281;0.132848;0.00500602
70000;0.26111;0.0253884;0.278238;0.0184708;0.278505;0.00548097;0.283859;0.00428858;0;0;0;0;0.121715;0.00670707;0.132863;0.00496763
71000;0.25807;0.0250626;0.279416;0.0183786;0.278064;0.0054334;0.284185;0.00425814;0;0;0;0;0.121652;0.00666017;0.133031;0.00493566
72000;0.257627;0.0248667;0.279934;0.0182672;0.278116;0.00539094;0.284087;0.00422713;0;0;0;0;0.121407;0.00660933;0.132492;0.00489931
73000;0.262155;0.0249106;0.279818;0.0181379;0.278046;0.00534918;0.283897;0.00419495;0;0;0;0;0.121585;0.00656766;0.132312;0.00486288
74000;0.261058;0.0246902;0.278176;0.0179627;0.277875;0.00530775;0.28398;0.00416562;0;0;0;0;0.121888;0.00652959;0.131729;0.00482803
75000;0.25999;0.0244752;0.278087;0.0178397;0.278207;0.00527183;0.284252;0.00413718;0;0;0;0;0.122098;0.00648807;0.131737;0.0047957
76000;0.262522;0.024431;0.278892;0.0177473;0.278361;0.00523404;0.284784;0.00411136;0;0;0;0;0.12218;0.00644661;0.132021;0.00476413
77000;0.262638;0.0242772;0.278796;0.0176286;0.278501;0.00519703;0.284728;0.00408245;0;0;0;0;0.122206;0.00640533;0.131869;0.00473136
78000;0.261591;0.0240732;0.279282;0.0175303;0.278674;0.00516042;0.284744;0.00405385;0;0;0;0;0.122289;0.00636105;0.131413;0.00469568
79000;0.261716;0.023926;0.277178;0.0173541;0.278296;0.00512104;0.28498;0.00402834;0;0;0;0;0.122021;0.00631556;0.131446;0.00466438
80000;0.261837;0.0237815;0.276824;0.0172344;0.278424;0.00508659;0.285054;0.00400154;0;0;0;0;0.122435;0.00627729;0.131115;0.00463401
81000;0.263073;0.0236896;0.278154;0.0171683;0.278158;0.00504964;0.285086;0.00397695;0;0;0;0;0.122678;0.00623945;0.13132;0.00460431
82000;0.265934;0.0236717;0.27752;0.0170441;0.277879;0.00501327;0.28538;0.00395327;0;0;0;0;0.122763;0.00620138;0.131779;0.00458145
83000;0.267091;0.0235794;0.277175;0.0169307;0.277952;0.00498078;0.285378;0.00392925;0;0;0;0;0.122723;0.00616693;0.131818;0.00455928
84000;0.267142;0.0234409;0.277106;0.0168276;0.277978;0.00494845;0.285502;0.00390511;0;0;0;0;0.122313;0.00612293;0.132133;0.00453599
85000;0.269854;0.0234199;0.277838;0.0167501;0.278021;0.00491709;0.28559;0.00388195;0;0;0;0;0.121932;0.0060891;0.132201;0.00450971
86000;0.268821;0.023239;0.278553;0.0166736;0.278073;0.00488588;0.285381;0.00385614;0;0;0;0;0.122009;0.00605365;0.132117;0.00448113
87000;0.269371;0.0231285;0.280812;0.0166437;0.278261;0.00485616;0.28534;0.00383373;0;0;0;0;0.122415;0.00602888;0.132368;0.00445934
88000;0.271965;0.0231065;0.279677;0.0165158;0.278527;0.0048284;0.28513;0.00380826;0;0;0;0;0.122508;0.0059904;0.13228;0.00443428
89000;0.271451;0.0229548;0.278822;0.0163979;0.278716;0.00479986;0.285149;0.00378602;0;0;0;0;0.122783;0.00595838;0.132059;0.00440756
90000;0.271451;0.0228269;0.277735;0.0162752;0.278582;0.00476977;0.285232;0.00376533;0;0;0;0;0.122355;0.0059196;0.131718;0.00437935
91000;0.26996;0.022639;0.278163;0.0161978;0.278591;0.00474045;0.285145;0.00374382;0;0;0;0;0.122534;0.00588781;0.131665;0.00435725
92000;0.269976;0.0225163;0.277106;0.0160793;0.27863;0.00471204;0.285096;0.0037224;0;0;0;0;0.123076;0.00585864;0.131652;0.00433148
93000;0.270965;0.0224357;0.275586;0.0159492;0.279107;0.00468798;0.285086;0.00370009;0;0;0;0;0.123597;0.00583454;0.131675;0.00430813
94000;0.27097;0.0223162;0.276024;0.0158766;0.279676;0.00466474;0.28495;0.00367868;0;0;0;0;0.124052;0.0058084;0.131883;0.0042839
95000;0.270023;0.0221599;0.277404;0.0158317;0.279479;0.00463654;0.285027;0.00365795;0;0;0;0;0.124079;0.00577757;0.131558;0.00425942
96000;0.269566;0.0220256;0.276164;0.0157143;0.279682;0.00461126;0.285397;0.00364003;0;0;0;0;0.123887;0.00574387;0.13175;0.00423896
97000;0.268653;0.0218748;0.275882;0.0156252;0.279639;0.00458498;0.285552;0.00362175;0;0;0;0;0.123553;0.00570992;0.131455;0.00421484
98000;0.26822;0.0217455;0.274452;0.0155054;0.279265;0.00455688;0.285318;0.00360141;0;0;0;0;0.123821;0.00568595;0.131623;0.00419506
99000;0.268252;0.0216367;0.273279;0.0153943;0.279239;0.00453208;0.285243;0.00358173;0;0;0;0;0.123741;0.00566012;0.131855;0.00417526
100000;0.268737;0.0215476;0.273261;0.0153166;0.279372;0.00450889;0.285097;0.00356186;0;0;0;0;0.124257;0.00563845;0.132286;0.00415508
